group,variable,col,value
27/11/19,Huddle,No Change,"[{""url"":""https://huddle.com.au"",""removed_content"":[],""added_content"":[],""content_changed"":false},{""url"":""https://huddle.com.au/car-insurance"",""removed_content"":[],""added_content"":[],""content_changed"":false},{""url"":""https://huddle.com.au/travel-insurance"",""removed_content"":[],""added_content"":[],""content_changed"":false},{""url"":""https://huddle.com.au/home-insurance"",""removed_content"":[],""added_content"":[],""content_changed"":false}]"
27/11/19,NRMA,No Change,"[{""url"":""https://www.nrma.com.au"",""removed_content"":[],""added_content"":[],""content_changed"":false},{""url"":""https://www.nrma.com.au/car-insurance"",""removed_content"":[],""added_content"":[],""content_changed"":false},{""url"":""https://www.nrma.com.au/travel-insurance"",""removed_content"":[],""added_content"":[],""content_changed"":false},{""url"":""https://www.nrma.com.au/home-insurance"",""removed_content"":[],""added_content"":[],""content_changed"":false}]"
27/11/19,Woolworths,No Change,"[{""url"":""https://insurance.woolworths.com.au"",""removed_content"":[],""added_content"":[],""content_changed"":false},{""url"":""https://insurance.woolworths.com.au/car-insurance.html"",""removed_content"":[],""added_content"":[],""content_changed"":false},{""url"":""https://insurance.woolworths.com.au/travel-insurance.html"",""removed_content"":[],""added_content"":[],""content_changed"":false},{""url"":""https://insurance.woolworths.com.au/home-insurance.html"",""removed_content"":[],""added_content"":[],""content_changed"":false}]"
27/11/19,Youi,Change,"[{""url"":""https://www.youi.com.au"",""removed_content"":[""$238* insurance saving"",""$230* insurance saving"",""$297* insurance saving"",""$204* insurance saving"",""$377* insurance saving""],""added_content"":[""$230* car insurance saving"",""$297* car insurance saving"",""$377* car insurance saving"",""$204* car insurance saving"",""$238* car insurance saving""],""content_changed"":true},{""url"":""https://www.youi.com.au/car-insurance"",""removed_content"":[""$238* insurance saving"",""$230* insurance saving"",""$297* insurance saving"",""$204* insurance saving"",""$377* insurance saving""],""added_content"":[""$230* car insurance saving"",""$297* car insurance saving"",""$377* car insurance saving"",""$204* car insurance saving"",""$238* car insurance saving""],""content_changed"":true},{""url"":""https://www.youi.com.au/motorcycle-insurance"",""removed_content"":[],""added_content"":[],""content_changed"":false},{""url"":""https://www.youi.com.au/home-insurance"",""removed_content"":[],""added_content"":[""I love sitting out on the deck,"",""\"""",""Floating"",""shooting the breeze.\""""],""content_changed"":true}]"
27/11/19,Budget Direct,No Change,"[{""url"":""https://www.budgetdirect.com.au"",""removed_content"":[],""added_content"":[],""content_changed"":false},{""url"":""https://www.budgetdirect.com.au/car-insurance.html"",""removed_content"":[],""added_content"":[],""content_changed"":false},{""url"":""https://www.budgetdirect.com.au/home-contents-insurance.html"",""removed_content"":[],""added_content"":[],""content_changed"":false},{""url"":""https://www.budgetdirect.com.au/travel-insurance.html"",""removed_content"":[],""added_content"":[],""content_changed"":false}]"
27/11/19,Bingle,No Change,"[{""url"":""https://www.bingle.com.au"",""removed_content"":[],""added_content"":[],""content_changed"":false}]"
27/11/19,Coles,No Change,"[{""url"":""https://financialservices.coles.com.au/insurance"",""removed_content"":[],""added_content"":[],""content_changed"":false},{""url"":""https://financialservices.coles.com.au/insurance/car-insurance"",""removed_content"":[],""added_content"":[],""content_changed"":false},{""url"":""https://financialservices.coles.com.au/insurance/home-insurance"",""removed_content"":[],""added_content"":[],""content_changed"":false},{""url"":""https://financialservices.coles.com.au/insurance/travel-insurance-existing-policyholders"",""removed_content"":[],""added_content"":[],""content_changed"":false}]"
27/11/19,Real Insurance,Change,"[{""url"":""https://www.realinsurance.com.au"",""removed_content"":[""Save up to 10% when you buy Real Car Insurance online"",""1""],""added_content"":[""Save up to $220 with Pay As You Drive Car Insurance."",""Drive less."",""Save big!"",""3""],""content_changed"":true},{""url"":""https://www.realinsurance.com.au/car-insurance"",""removed_content"":[""Easy and competative."",""Philip Kemp -  Rated 5 out of 5""],""added_content"":[""Gene Minagi -  Rated 3 out of 5"",""The operator that i spoke to was exceedingly patient and helpful""],""content_changed"":true},{""url"":""https://www.realinsurance.com.au/home-insurance"",""removed_content"":[],""added_content"":[],""content_changed"":false},{""url"":""https://www.realinsurance.com.au/landlords-insurance"",""removed_content"":[],""added_content"":[],""content_changed"":false},{""url"":""https://www.realinsurance.com.au/life-insurance"",""removed_content"":[""1,869"",""4.7""],""added_content"":[""4.5"",""1,821""],""content_changed"":true},{""url"":""https://www.realinsurance.com.au/income-protection-insurance"",""removed_content"":[""4.5"",""346""],""added_content"":[""334"",""4.3""],""content_changed"":true},{""url"":""https://www.realinsurance.com.au/pet-insurance"",""removed_content"":[],""added_content"":[],""content_changed"":false},{""url"":""https://www.realinsurance.com.au/funeral-insurance"",""removed_content"":[],""added_content"":[],""content_changed"":false},{""url"":""https://www.realinsurance.com.au/travel-insurance"",""removed_content"":[],""added_content"":[],""content_changed"":false},{""url"":""https://www.realinsurance.com.au/bike-insurance"",""removed_content"":[],""added_content"":[],""content_changed"":false}]"
27/11/19,Virgin Money,No Change,"[{""url"":""https://virginmoney.com.au/insurance"",""removed_content"":[],""added_content"":[],""content_changed"":false},{""url"":""https://virginmoney.com.au/insurance/car-insurance"",""removed_content"":[],""added_content"":[],""content_changed"":false},{""url"":""https://virginmoney.com.au/insurance/income-protection"",""removed_content"":[],""added_content"":[],""content_changed"":false},{""url"":""https://virginmoney.com.au/insurance/life-insurance"",""removed_content"":[],""added_content"":[],""content_changed"":false},{""url"":""https://virginmoney.com.au/insurance/travel-insurance"",""removed_content"":[],""added_content"":[],""content_changed"":false}]"
27/11/19,AAMI,Change,"[{""url"":""https://www.aami.com.au"",""removed_content"":[],""added_content"":[],""content_changed"":false},{""url"":""https://www.aami.com.au/car-insurance.html"",""removed_content"":[""4"",""CLOUD, getContent, 406ms"",""The only reason I didn't pay online is that I was expecting to be able to add car hire and/or windscreen cover"",""y_2019, m_11, d_23, h_13"",""easy but lacking features"",""Date published: 2019-11-13"",""4616"",""co_hasreviews, tv_116, tr_4500"",""Botsy"",""Anonymous""],""added_content"":[""4617"",""Could be quicker, particulalrly as I have two other AAMI policies"",""Rach1987"",""Forget it"",""co_hasreviews, tv_116, tr_4501"",""Quotes not competitive."",""CLOUD, getContent, 58ms"",""Lenny35"",""2"",""y_2019, m_11, d_26, h_2"",""Some questions repetitive.""],""content_changed"":true},{""url"":""https://www.aami.com.au/home-insurance.html"",""removed_content"":[""CLOUD, getContent, 928ms"",""y_2019, m_11, d_25, h_1""],""added_content"":[""CLOUD, getContent, 500ms"",""y_2019, m_11, d_26, h_2""],""content_changed"":true},{""url"":""https://www.aami.com.au/health-insurance.html"",""removed_content"":[],""added_content"":[],""content_changed"":false},{""url"":""https://www.aami.com.au/travel-insurance.html"",""removed_content"":[""Well done AAMI!"",""Simple process from the comfort of home."",""Simple process"",""cp_1, bvpage1"",""Fast and good value"",""gurps"",""Neil63"",""Regardless, hopefully this trip will go smoothly and no claims will be needed."",""Date published: 2019-11-19"",""It really is so easy!"",""Date published: 2019-11-15"",""Easy to get the insurance I needed."",""As per usual the product disclosure is a must read but overall seems reasonable compared to other companies."",""CLOUD, getContent, 132ms"",""Date published: 2019-11-14"",""Easier and cheaper than expected"",""sunnyoooooooo"",""Natty0319"",""Date published: 2019-11-18"",""We are long time AAMI customers and have never had any issue claiming in the past which was the main factor in taking out AAMI travel insurance."",""Now I can have a peace in my mind before I leave the country!"",""y_2019, m_11, d_25, h_1"",""thanks"",""Quick , easy and well priced"",""CHEFF"",""other than selection of countries and pre-existing health conditions other points were easy to fill."",""Best cost vs benefits that I could find online."",""The doc"",""Satisfied with the overall experience and short duration"",""AAMI Travel Insurance Reviews - page 2"",""Date published: 2019-11-12"",""Date published: 2019-11-11"",""Kali44"",""Date published: 2019-11-21"",""Probably should of done a price comparison."",""Arranging the purchase of insurance online was very easy."",""Most reasonable cost for cover to USA on market"",""Easy and clean interface."",""Super easy to take out travel insurance , the price was very competitive."",""Fairly simple to book"",""Too easy."",""Izzy1109"",""It really is so easy to purchase a travel insuarance online!"",""Click and go.""],""added_content"":[""Date published: 2019-02-15"",""Easy to use and get a quote."",""Trust AAMI as already a policy holder"",""Tracey25"",""ianmfaye"",""Very easy to navigate website."",""Date published: 2019-03-07"",""Have had to use My travel insurance twice in previous years and have been very happy."",""Has all the features I need."",""Date published: 2019-02-12"",""Easy and quick"",""I have fortunately never had to claim on my travel insurance policies but value for money, peace of mind and easy to purchase."",""Good price"",""Easy to use and very competitive price would recommend"",""Easy to setup"",""Excellent customer service and great travel insurance cover for my holiday"",""Louloubaker"",""Very loyal customer as you have taken very good care of me in the past with a run in with Dengue Fever."",""CLOUD, getContent, 495ms"",""Excellent at the Ease of the Website...Thank you AAMI"",""Chakri"",""3"",""Bern58"",""Always the best price!"",""I'm happy with the simple and straight forward structures to get quotes and process."",""The website / experience / steps to purchase travel insurance was very user friendly -"",""rellie"",""Rudi"",""Scramf"",""Clintl112"",""Signing up was easy."",""Date published: 2019-03-13"",""A quick price match work around would have been a better customer experience."",""y_2019, m_11, d_26, h_2"",""Nathan90"",""nidsa"",""AAMI Travel Insurance Reviews - page 10"",""Great online price but payment failed 3 times"",""I had to retry several times before it would process."",""Great features"",""So easy and always the best price"",""Date published: 2019-03-17"",""I am very happy with the experience I have had with AAMI"",""Deb B"",""Easy to complete the application, decent price."",""Subscription to the insurance policy"",""AAMI - a trustworthy brand which remain reasonably priced"",""Good service -disappointing that you could not match the online price over the phone even though CS rep verified it was correct."",""Am already with AAMI for home and contents"",""Date published: 2019-02-26"",""P212"",""Date published: 2019-03-02"",""Date published: 2019-02-19"",""I am happy with the value for money and features of the policy"",""Eunbin"",""Stick with what I know"",""Date published: 2019-02-20"",""Covers all we need."",""Great structures"",""Easy to do online"",""samandon"",""Rose pose"",""Fast and easy"",""Happy great"",""Ocky79"",""Wattle99"",""Reasonably priced"",""easy to use"",""scottige"",""Easy access"",""Always get my travel insurance through AAMI."",""Trustworthy Agent"",""cp_9, bvpage2n"",""Have to type more characters to submit so this is me typing more characters."",""Date published: 2019-03-04"",""Always book travel insurance from AAMI reasonably priced and great features"",""RahulJi"",""Easy"",""melpicone12"",""Borg"",""I have had AAMI travel insurance before and it's always been a pain free experience."",""it was quick and easy to obtain a quote and pay for it simply"",""Ghilly"",""Date published: 2019-03-20"",""Date published: 2019-02-21"",""georgia1"",""Easy to obtain online, provided what we needed to be covered"",""kymballamina"",""Excellent"",""I would like to have options to increase coverage on electrical and sporting goods"",""KARB"",""Philippines holiday"",""Date published: 2019-02-16"",""Multiple aami policies"",""Date published: 2019-03-16"",""Date published: 2019-03-18"",""Easy Simple"",""Simple questions, easy to use, happy to recommend to others."",""Very quick and easy to subscribe to the travel insurance policy"",""Very happy, great features, system was easy to use"",""Easy to use"",""Was easy, took 3 minutes"",""Easy Purchase"",""Date published: 2019-02-24"",""Date published: 2019-02-14"",""Easy to navigate"",""Date published: 2019-03-05"",""Paulypie"",""Date published: 2019-03-19"",""I've used AAMI before and have had no issues so thought I'd use it again"",""rj2019"",""The product is competitive."",""The policy was straight forwardly put on the website."",""Easy!"",""Tiffw123"",""Great"",""Date published: 2019-02-25"",""jj912""],""content_changed"":true},{""url"":""https://www.aami.com.au/travel-insurance.html"",""removed_content"":[""Well done AAMI!"",""Simple process from the comfort of home."",""Simple process"",""cp_1, bvpage1"",""Fast and good value"",""gurps"",""Neil63"",""Regardless, hopefully this trip will go smoothly and no claims will be needed."",""Date published: 2019-11-19"",""It really is so easy!"",""Date published: 2019-11-15"",""Easy to get the insurance I needed."",""As per usual the product disclosure is a must read but overall seems reasonable compared to other companies."",""CLOUD, getContent, 132ms"",""Date published: 2019-11-14"",""Easier and cheaper than expected"",""sunnyoooooooo"",""Natty0319"",""Date published: 2019-11-18"",""We are long time AAMI customers and have never had any issue claiming in the past which was the main factor in taking out AAMI travel insurance."",""Now I can have a peace in my mind before I leave the country!"",""y_2019, m_11, d_25, h_1"",""thanks"",""Quick , easy and well priced"",""CHEFF"",""other than selection of countries and pre-existing health conditions other points were easy to fill."",""Best cost vs benefits that I could find online."",""The doc"",""Satisfied with the overall experience and short duration"",""AAMI Travel Insurance Reviews - page 2"",""Date published: 2019-11-12"",""Date published: 2019-11-11"",""Kali44"",""Date published: 2019-11-21"",""Probably should of done a price comparison."",""Arranging the purchase of insurance online was very easy."",""Most reasonable cost for cover to USA on market"",""Easy and clean interface."",""Super easy to take out travel insurance , the price was very competitive."",""Fairly simple to book"",""Too easy."",""Izzy1109"",""It really is so easy to purchase a travel insuarance online!"",""Click and go.""],""added_content"":[""Date published: 2019-02-15"",""Easy to use and get a quote."",""Trust AAMI as already a policy holder"",""Tracey25"",""ianmfaye"",""Very easy to navigate website."",""Date published: 2019-03-07"",""Have had to use My travel insurance twice in previous years and have been very happy."",""Has all the features I need."",""Date published: 2019-02-12"",""Easy and quick"",""I have fortunately never had to claim on my travel insurance policies but value for money, peace of mind and easy to purchase."",""Good price"",""Easy to use and very competitive price would recommend"",""Easy to setup"",""Excellent customer service and great travel insurance cover for my holiday"",""Louloubaker"",""Very loyal customer as you have taken very good care of me in the past with a run in with Dengue Fever."",""CLOUD, getContent, 495ms"",""Excellent at the Ease of the Website...Thank you AAMI"",""Chakri"",""3"",""Bern58"",""Always the best price!"",""I'm happy with the simple and straight forward structures to get quotes and process."",""The website / experience / steps to purchase travel insurance was very user friendly -"",""rellie"",""Rudi"",""Scramf"",""Clintl112"",""Signing up was easy."",""Date published: 2019-03-13"",""A quick price match work around would have been a better customer experience."",""y_2019, m_11, d_26, h_2"",""Nathan90"",""nidsa"",""AAMI Travel Insurance Reviews - page 10"",""Great online price but payment failed 3 times"",""I had to retry several times before it would process."",""Great features"",""So easy and always the best price"",""Date published: 2019-03-17"",""I am very happy with the experience I have had with AAMI"",""Deb B"",""Easy to complete the application, decent price."",""Subscription to the insurance policy"",""AAMI - a trustworthy brand which remain reasonably priced"",""Good service -disappointing that you could not match the online price over the phone even though CS rep verified it was correct."",""Am already with AAMI for home and contents"",""Date published: 2019-02-26"",""P212"",""Date published: 2019-03-02"",""Date published: 2019-02-19"",""I am happy with the value for money and features of the policy"",""Eunbin"",""Stick with what I know"",""Date published: 2019-02-20"",""Covers all we need."",""Great structures"",""Easy to do online"",""samandon"",""Rose pose"",""Fast and easy"",""Happy great"",""Ocky79"",""Wattle99"",""Reasonably priced"",""easy to use"",""scottige"",""Easy access"",""Always get my travel insurance through AAMI."",""Trustworthy Agent"",""cp_9, bvpage2n"",""Have to type more characters to submit so this is me typing more characters."",""Date published: 2019-03-04"",""Always book travel insurance from AAMI reasonably priced and great features"",""RahulJi"",""Easy"",""melpicone12"",""Borg"",""I have had AAMI travel insurance before and it's always been a pain free experience."",""it was quick and easy to obtain a quote and pay for it simply"",""Ghilly"",""Date published: 2019-03-20"",""Date published: 2019-02-21"",""georgia1"",""Easy to obtain online, provided what we needed to be covered"",""kymballamina"",""Excellent"",""I would like to have options to increase coverage on electrical and sporting goods"",""KARB"",""Philippines holiday"",""Date published: 2019-02-16"",""Multiple aami policies"",""Date published: 2019-03-16"",""Date published: 2019-03-18"",""Easy Simple"",""Simple questions, easy to use, happy to recommend to others."",""Very quick and easy to subscribe to the travel insurance policy"",""Very happy, great features, system was easy to use"",""Easy to use"",""Was easy, took 3 minutes"",""Easy Purchase"",""Date published: 2019-02-24"",""Date published: 2019-02-14"",""Easy to navigate"",""Date published: 2019-03-05"",""Paulypie"",""Date published: 2019-03-19"",""I've used AAMI before and have had no issues so thought I'd use it again"",""rj2019"",""The product is competitive."",""The policy was straight forwardly put on the website."",""Easy!"",""Tiffw123"",""Great"",""Date published: 2019-02-25"",""jj912""],""content_changed"":true},{""url"":""https://www.aami.com.au/life-insurance.html"",""removed_content"":[],""added_content"":[],""content_changed"":false},{""url"":""https://www.aami.com.au/business-insurance.html"",""removed_content"":[],""added_content"":[],""content_changed"":false}]"
27/11/19,Apia,Change,"[{""url"":""https://www.apia.com.au"",""removed_content"":[],""added_content"":[],""content_changed"":false},{""url"":""https://www.apia.com.au/car-insurance.html"",""removed_content"":[""CLOUD, getContent, 7ms"",""y_2019, m_11, d_24, h_1""],""added_content"":[""y_2019, m_11, d_24, h_14"",""CLOUD, getContent, 356ms""],""content_changed"":true},{""url"":""https://www.apia.com.au/home-insurance.html"",""removed_content"":[""y_2019, m_11, d_24, h_1"",""CLOUD, getContent, 324ms""],""added_content"":[""CLOUD, getContent, 359ms"",""y_2019, m_11, d_24, h_14""],""content_changed"":true},{""url"":""https://www.apia.com.au/travel-insurance.html"",""removed_content"":[],""added_content"":[],""content_changed"":false}]"
27/11/19,Suncorp,Change,"[{""url"":""https://www.suncorp.com.au/insurance"",""removed_content"":[],""added_content"":[],""content_changed"":false},{""url"":""https://www.suncorp.com.au/insurance/home.html"",""removed_content"":[],""added_content"":[],""content_changed"":false},{""url"":""https://www.suncorp.com.au/insurance/car.html"",""removed_content"":[""CLOUD, getContent, 83ms""],""added_content"":[""CLOUD, getContent, 87ms""],""content_changed"":true},{""url"":""https://www.suncorp.com.au/insurance/life.html"",""removed_content"":[],""added_content"":[],""content_changed"":false},{""url"":""https://www.suncorp.com.au/insurance/health.html"",""removed_content"":[],""added_content"":[],""content_changed"":false},{""url"":""https://www.suncorp.com.au/insurance/travel.html"",""removed_content"":[],""added_content"":[],""content_changed"":false}]"
27/11/19,QBE,No Change,"[{""url"":""https://www.qbe.com/au"",""removed_content"":[],""added_content"":[],""content_changed"":false},{""url"":""https://www.qbe.com/au/motor-vehicle-insurance"",""removed_content"":[],""added_content"":[],""content_changed"":false},{""url"":""https://www.qbe.com/au/home-insurance"",""removed_content"":[],""added_content"":[],""content_changed"":false},{""url"":""https://www.qbe.com/au/business-insurance"",""removed_content"":[],""added_content"":[],""content_changed"":false}]"
26/11/19,Huddle,No Change,"[{""url"":""https://huddle.com.au"",""removed_content"":[],""added_content"":[],""content_changed"":false},{""url"":""https://huddle.com.au/car-insurance"",""removed_content"":[],""added_content"":[],""content_changed"":false},{""url"":""https://huddle.com.au/travel-insurance"",""removed_content"":[],""added_content"":[],""content_changed"":false},{""url"":""https://huddle.com.au/home-insurance"",""removed_content"":[],""added_content"":[],""content_changed"":false}]"
26/11/19,NRMA,No Change,"[{""url"":""https://www.nrma.com.au"",""removed_content"":[],""added_content"":[],""content_changed"":false},{""url"":""https://www.nrma.com.au/car-insurance"",""removed_content"":[],""added_content"":[],""content_changed"":false},{""url"":""https://www.nrma.com.au/travel-insurance"",""removed_content"":[],""added_content"":[],""content_changed"":false},{""url"":""https://www.nrma.com.au/home-insurance"",""removed_content"":[],""added_content"":[],""content_changed"":false}]"
26/11/19,Woolworths,Change,"[{""url"":""https://insurance.woolworths.com.au"",""removed_content"":[""Offer available to new Woolworths Pet Insurance policyholders who purchased their policy between 7 January 2019 to 31 December 2019, limited to 1 membership per eligible policy.""],""added_content"":[""Offer available to new Woolworths Pet Insurance policyholders who purchased their policy between 7 January 2019 to 31 December 2020, limited to 1 membership per eligible policy.""],""content_changed"":true},{""url"":""https://insurance.woolworths.com.au/car-insurance.html"",""removed_content"":[],""added_content"":[],""content_changed"":false},{""url"":""https://insurance.woolworths.com.au/travel-insurance.html"",""removed_content"":[],""added_content"":[],""content_changed"":false},{""url"":""https://insurance.woolworths.com.au/home-insurance.html"",""removed_content"":[""Pick the 2017 winners of Mozo's Experts Choice for Low Cost Home and Contents Insurance""],""added_content"":[""Pick the winner of Mozo Experts Choice Awards for Exceptional Value Low Cost Home & Contents Insurance (2017) and for Exceptional Value Standard Home & Contents Cover (2019)""],""content_changed"":true}]"
26/11/19,Youi,Change,"[{""url"":""https://www.youi.com.au"",""removed_content"":[],""added_content"":[],""content_changed"":false},{""url"":""https://www.youi.com.au/car-insurance"",""removed_content"":[],""added_content"":[],""content_changed"":false},{""url"":""https://www.youi.com.au/motorcycle-insurance"",""removed_content"":[],""added_content"":[],""content_changed"":false},{""url"":""https://www.youi.com.au/home-insurance"",""removed_content"":[""We'll listen."",""And that's important to us."",""You've made it yours."",""the home insurance cover you want, at the best price."",""Tell us about your home."",""And then work with you to make sure you've got""],""added_content"":[""Because when it comes to getting a home insurance quote or making a claim, what matters to you, matters to us."",""and that matters to us."",""It matters to you,"",""We’ll listen to what’s important to you about your home."",""We treat you as an individual.""],""content_changed"":true}]"
26/11/19,Budget Direct,No Change,"[{""url"":""https://www.budgetdirect.com.au"",""removed_content"":[],""added_content"":[],""content_changed"":false},{""url"":""https://www.budgetdirect.com.au/car-insurance.html"",""removed_content"":[],""added_content"":[],""content_changed"":false},{""url"":""https://www.budgetdirect.com.au/home-contents-insurance.html"",""removed_content"":[],""added_content"":[],""content_changed"":false},{""url"":""https://www.budgetdirect.com.au/travel-insurance.html"",""removed_content"":[],""added_content"":[],""content_changed"":false}]"
26/11/19,Bingle,No Change,"[{""url"":""https://www.bingle.com.au"",""removed_content"":[],""added_content"":[],""content_changed"":false}]"
26/11/19,Coles,No Change,"[{""url"":""https://financialservices.coles.com.au/insurance"",""removed_content"":[],""added_content"":[],""content_changed"":false},{""url"":""https://financialservices.coles.com.au/insurance/car-insurance"",""removed_content"":[],""added_content"":[],""content_changed"":false},{""url"":""https://financialservices.coles.com.au/insurance/home-insurance"",""removed_content"":[],""added_content"":[],""content_changed"":false},{""url"":""https://financialservices.coles.com.au/insurance/travel-insurance-existing-policyholders"",""removed_content"":[],""added_content"":[],""content_changed"":false}]"
26/11/19,Real Insurance,Change,"[{""url"":""https://www.realinsurance.com.au"",""removed_content"":[""3"",""Save up to $220 with Pay As You Drive Car Insurance."",""Save big!"",""Drive less.""],""added_content"":[""1"",""Save up to 10% when you buy Real Car Insurance online""],""content_changed"":true},{""url"":""https://www.realinsurance.com.au/car-insurance"",""removed_content"":[],""added_content"":[],""content_changed"":false},{""url"":""https://www.realinsurance.com.au/home-insurance"",""removed_content"":[],""added_content"":[],""content_changed"":false},{""url"":""https://www.realinsurance.com.au/landlords-insurance"",""removed_content"":[],""added_content"":[],""content_changed"":false},{""url"":""https://www.realinsurance.com.au/life-insurance"",""removed_content"":[],""added_content"":[],""content_changed"":false},{""url"":""https://www.realinsurance.com.au/income-protection-insurance"",""removed_content"":[""4.3"",""334""],""added_content"":[""346"",""4.5""],""content_changed"":true},{""url"":""https://www.realinsurance.com.au/pet-insurance"",""removed_content"":[],""added_content"":[],""content_changed"":false},{""url"":""https://www.realinsurance.com.au/funeral-insurance"",""removed_content"":[""4.8"",""1,393""],""added_content"":[""1,354"",""4.6""],""content_changed"":true},{""url"":""https://www.realinsurance.com.au/travel-insurance"",""removed_content"":[],""added_content"":[],""content_changed"":false},{""url"":""https://www.realinsurance.com.au/bike-insurance"",""removed_content"":[],""added_content"":[],""content_changed"":false}]"
26/11/19,Virgin Money,No Change,"[{""url"":""https://virginmoney.com.au/insurance"",""removed_content"":[],""added_content"":[],""content_changed"":false},{""url"":""https://virginmoney.com.au/insurance/car-insurance"",""removed_content"":[],""added_content"":[],""content_changed"":false},{""url"":""https://virginmoney.com.au/insurance/income-protection"",""removed_content"":[],""added_content"":[],""content_changed"":false},{""url"":""https://virginmoney.com.au/insurance/life-insurance"",""removed_content"":[],""added_content"":[],""content_changed"":false},{""url"":""https://virginmoney.com.au/insurance/travel-insurance"",""removed_content"":[],""added_content"":[],""content_changed"":false}]"
26/11/19,AAMI,Change,"[{""url"":""https://www.aami.com.au"",""removed_content"":[""Privacy Policy"",""and the operator's"",""Use of Suncorp Benefits is subject to its"",""is operated by Loyalty Corp Australia Services Pty Ltd ABN 39 615 958 873, available to eligible Suncorp Network brand customers."",""Disclaimer"",""Suncorp Benefits""],""added_content"":[""Purchase limits apply to each individual retailer."",""privacy policy"",""See full"",""To register for Suncorp Benefits you must hold a current eligible personal policy or an eligible personal product or service from one of the brands in the Suncorp Network brand."",""The Reward and Recognition program (\""Suncorp Benefits\"") is being operated by EONX Services Pty Ltd ABN 39 615 958 873."",""Use of Suncorp Benefits is subject to the operator’s""],""content_changed"":true},{""url"":""https://www.aami.com.au/car-insurance.html"",""removed_content"":[""Privacy Policy"",""and the operator's"",""CLOUD, getContent, 294ms"",""Use of Suncorp Benefits is subject to its"",""is operated by Loyalty Corp Australia Services Pty Ltd ABN 39 615 958 873, available to eligible Suncorp Network brand customers."",""Disclaimer"",""Suncorp Benefits""],""added_content"":[""Purchase limits apply to each individual retailer."",""privacy policy"",""See full"",""To register for Suncorp Benefits you must hold a current eligible personal policy or an eligible personal product or service from one of the brands in the Suncorp Network brand."",""CLOUD, getContent, 406ms"",""The Reward and Recognition program (\""Suncorp Benefits\"") is being operated by EONX Services Pty Ltd ABN 39 615 958 873."",""Use of Suncorp Benefits is subject to the operator’s""],""content_changed"":true},{""url"":""https://www.aami.com.au/home-insurance.html"",""removed_content"":[""CLOUD, getContent, 42ms"",""y_2019, m_11, d_23, h_13"",""Anonymous"",""Disclaimer""],""added_content"":[""Purchase limits apply to each individual retailer."",""privacy policy"",""See full"",""y_2019, m_11, d_25, h_1"",""To register for Suncorp Benefits you must hold a current eligible personal policy or an eligible personal product or service from one of the brands in the Suncorp Network brand."",""The Reward and Recognition program (\""Suncorp Benefits\"") is being operated by EONX Services Pty Ltd ABN 39 615 958 873."",""PM55"",""CLOUD, getContent, 928ms"",""Use of Suncorp Benefits is subject to the operator’s""],""content_changed"":true},{""url"":""https://www.aami.com.au/health-insurance.html"",""removed_content"":[],""added_content"":[],""content_changed"":false},{""url"":""https://www.aami.com.au/travel-insurance.html"",""removed_content"":[""CLOUD, getContent, 83ms"",""Anonymous"",""y_2019, m_11, d_23, h_13""],""added_content"":[""CLOUD, getContent, 132ms"",""Izzy1109"",""y_2019, m_11, d_25, h_1""],""content_changed"":true},{""url"":""https://www.aami.com.au/travel-insurance.html"",""removed_content"":[""CLOUD, getContent, 83ms"",""Anonymous"",""y_2019, m_11, d_23, h_13""],""added_content"":[""CLOUD, getContent, 132ms"",""Izzy1109"",""y_2019, m_11, d_25, h_1""],""content_changed"":true},{""url"":""https://www.aami.com.au/life-insurance.html"",""removed_content"":[],""added_content"":[],""content_changed"":false},{""url"":""https://www.aami.com.au/business-insurance.html"",""removed_content"":[],""added_content"":[],""content_changed"":false}]"
26/11/19,Apia,Change,"[{""url"":""https://www.apia.com.au"",""removed_content"":[],""added_content"":[],""content_changed"":false},{""url"":""https://www.apia.com.au/car-insurance.html"",""removed_content"":[""y_2019, m_11, d_19, h_19"",""bvseo_bulk, prod_bvrr, vn_bulk_3.0.3-b1"",""CLOUD, getContent, 39ms""],""added_content"":[""bvseo_bulk, prod_bvrr, vn_bulk_3.0.3"",""CLOUD, getContent, 7ms"",""y_2019, m_11, d_24, h_1""],""content_changed"":true},{""url"":""https://www.apia.com.au/home-insurance.html"",""removed_content"":[""bvseo_bulk, prod_bvrr, vn_bulk_3.0.2"",""y_2019, m_11, d_19, h_1"",""CLOUD, getContent, 10ms""],""added_content"":[""bvseo_bulk, prod_bvrr, vn_bulk_3.0.3"",""CLOUD, getContent, 324ms"",""y_2019, m_11, d_24, h_1""],""content_changed"":true},{""url"":""https://www.apia.com.au/travel-insurance.html"",""removed_content"":[],""added_content"":[],""content_changed"":false}]"
26/11/19,Suncorp,Change,"[{""url"":""https://www.suncorp.com.au/insurance"",""removed_content"":[],""added_content"":[],""content_changed"":false},{""url"":""https://www.suncorp.com.au/insurance/home.html"",""removed_content"":[""y_2019, m_11, d_19, h_19"",""bvseo_bulk, prod_bvrr, vn_bulk_3.0.3-b1"",""CLOUD, getContent, 35ms""],""added_content"":[""bvseo_bulk, prod_bvrr, vn_bulk_3.0.3"",""CLOUD, getContent, 1320ms"",""y_2019, m_11, d_23, h_18""],""content_changed"":true},{""url"":""https://www.suncorp.com.au/insurance/car.html"",""removed_content"":[""bvseo_bulk, prod_bvrr, vn_bulk_3.0.2"",""y_2019, m_11, d_18, h_12"",""CLOUD, getContent, 7ms""],""added_content"":[""bvseo_bulk, prod_bvrr, vn_bulk_3.0.3"",""CLOUD, getContent, 83ms"",""y_2019, m_11, d_23, h_18""],""content_changed"":true},{""url"":""https://www.suncorp.com.au/insurance/life.html"",""removed_content"":[],""added_content"":[],""content_changed"":false},{""url"":""https://www.suncorp.com.au/insurance/health.html"",""removed_content"":[""Ends 30 November 2019."",""The Offer will only be fulfilled to the primary policyholder once the policy has been held for 60 consecutive days after the end of the month that the Eligible Product was purchased in."",""This Offer is only available to new customers who take out a combined Suncorp Hospital & Extras policy by 11:59pm AEST 30 November 2019.""],""added_content"":[""The Offer will be fulfilled to the primary policyholder once the policy has been held consecutively until 30 January 2020."",""Ends 15 December 2019."",""*This Offer is only available to new customers who take out a combined Suncorp Hospital & Extras policy by 11:59pm AEDT 15 December 2019 (extended from original expiry date of 30 November 2019).""],""content_changed"":true},{""url"":""https://www.suncorp.com.au/insurance/travel.html"",""removed_content"":[],""added_content"":[],""content_changed"":false}]"
26/11/19,QBE,No Change,"[{""url"":""https://www.qbe.com/au"",""removed_content"":[],""added_content"":[],""content_changed"":false},{""url"":""https://www.qbe.com/au/motor-vehicle-insurance"",""removed_content"":[],""added_content"":[],""content_changed"":false},{""url"":""https://www.qbe.com/au/home-insurance"",""removed_content"":[],""added_content"":[],""content_changed"":false},{""url"":""https://www.qbe.com/au/business-insurance"",""removed_content"":[],""added_content"":[],""content_changed"":false}]"
25/11/19,Huddle,No Change,"[{""url"":""https://huddle.com.au"",""removed_content"":[],""added_content"":[],""content_changed"":false},{""url"":""https://huddle.com.au/car-insurance"",""removed_content"":[],""added_content"":[],""content_changed"":false},{""url"":""https://huddle.com.au/travel-insurance"",""removed_content"":[],""added_content"":[],""content_changed"":false},{""url"":""https://huddle.com.au/home-insurance"",""removed_content"":[],""added_content"":[],""content_changed"":false}]"
25/11/19,NRMA,No Change,"[{""url"":""https://www.nrma.com.au"",""removed_content"":[],""added_content"":[],""content_changed"":false},{""url"":""https://www.nrma.com.au/car-insurance"",""removed_content"":[],""added_content"":[],""content_changed"":false},{""url"":""https://www.nrma.com.au/travel-insurance"",""removed_content"":[],""added_content"":[],""content_changed"":false},{""url"":""https://www.nrma.com.au/home-insurance"",""removed_content"":[],""added_content"":[],""content_changed"":false}]"
25/11/19,Woolworths,No Change,"[{""url"":""https://insurance.woolworths.com.au"",""removed_content"":[],""added_content"":[],""content_changed"":false},{""url"":""https://insurance.woolworths.com.au/car-insurance.html"",""removed_content"":[],""added_content"":[],""content_changed"":false},{""url"":""https://insurance.woolworths.com.au/travel-insurance.html"",""removed_content"":[],""added_content"":[],""content_changed"":false},{""url"":""https://insurance.woolworths.com.au/home-insurance.html"",""removed_content"":[],""added_content"":[],""content_changed"":false}]"
25/11/19,Youi,No Change,"[{""url"":""https://www.youi.com.au"",""removed_content"":[],""added_content"":[],""content_changed"":false},{""url"":""https://www.youi.com.au/car-insurance"",""removed_content"":[],""added_content"":[],""content_changed"":false},{""url"":""https://www.youi.com.au/motorcycle-insurance"",""removed_content"":[],""added_content"":[],""content_changed"":false},{""url"":""https://www.youi.com.au/home-insurance"",""removed_content"":[],""added_content"":[],""content_changed"":false}]"
25/11/19,Budget Direct,No Change,"[{""url"":""https://www.budgetdirect.com.au"",""removed_content"":[],""added_content"":[],""content_changed"":false},{""url"":""https://www.budgetdirect.com.au/car-insurance.html"",""removed_content"":[],""added_content"":[],""content_changed"":false},{""url"":""https://www.budgetdirect.com.au/home-contents-insurance.html"",""removed_content"":[],""added_content"":[],""content_changed"":false},{""url"":""https://www.budgetdirect.com.au/travel-insurance.html"",""removed_content"":[],""added_content"":[],""content_changed"":false}]"
25/11/19,Bingle,No Change,"[{""url"":""https://www.bingle.com.au"",""removed_content"":[],""added_content"":[],""content_changed"":false}]"
25/11/19,Coles,No Change,"[{""url"":""https://financialservices.coles.com.au/insurance"",""removed_content"":[],""added_content"":[],""content_changed"":false},{""url"":""https://financialservices.coles.com.au/insurance/car-insurance"",""removed_content"":[],""added_content"":[],""content_changed"":false},{""url"":""https://financialservices.coles.com.au/insurance/home-insurance"",""removed_content"":[],""added_content"":[],""content_changed"":false},{""url"":""https://financialservices.coles.com.au/insurance/travel-insurance-existing-policyholders"",""removed_content"":[],""added_content"":[],""content_changed"":false}]"
25/11/19,Real Insurance,Change,"[{""url"":""https://www.realinsurance.com.au"",""removed_content"":[""1"",""Save up to 10% when you buy Real Car Insurance online""],""added_content"":[""Save up to $220 with Pay As You Drive Car Insurance."",""Save big!"",""3"",""Drive less.""],""content_changed"":true},{""url"":""https://www.realinsurance.com.au/car-insurance"",""removed_content"":[],""added_content"":[],""content_changed"":false},{""url"":""https://www.realinsurance.com.au/home-insurance"",""removed_content"":[""109""],""added_content"":[""120""],""content_changed"":true},{""url"":""https://www.realinsurance.com.au/landlords-insurance"",""removed_content"":[],""added_content"":[],""content_changed"":false},{""url"":""https://www.realinsurance.com.au/life-insurance"",""removed_content"":[],""added_content"":[],""content_changed"":false},{""url"":""https://www.realinsurance.com.au/income-protection-insurance"",""removed_content"":[],""added_content"":[],""content_changed"":false},{""url"":""https://www.realinsurance.com.au/pet-insurance"",""removed_content"":[],""added_content"":[],""content_changed"":false},{""url"":""https://www.realinsurance.com.au/funeral-insurance"",""removed_content"":[],""added_content"":[],""content_changed"":false},{""url"":""https://www.realinsurance.com.au/travel-insurance"",""removed_content"":[],""added_content"":[],""content_changed"":false},{""url"":""https://www.realinsurance.com.au/bike-insurance"",""removed_content"":[],""added_content"":[],""content_changed"":false}]"
25/11/19,Virgin Money,No Change,"[{""url"":""https://virginmoney.com.au/insurance"",""removed_content"":[],""added_content"":[],""content_changed"":false},{""url"":""https://virginmoney.com.au/insurance/car-insurance"",""removed_content"":[],""added_content"":[],""content_changed"":false},{""url"":""https://virginmoney.com.au/insurance/income-protection"",""removed_content"":[],""added_content"":[],""content_changed"":false},{""url"":""https://virginmoney.com.au/insurance/life-insurance"",""removed_content"":[],""added_content"":[],""content_changed"":false},{""url"":""https://virginmoney.com.au/insurance/travel-insurance"",""removed_content"":[],""added_content"":[],""content_changed"":false}]"
25/11/19,AAMI,Change,"[{""url"":""https://www.aami.com.au"",""removed_content"":[],""added_content"":[],""content_changed"":false},{""url"":""https://www.aami.com.au/car-insurance.html"",""removed_content"":[""Date published: 2019-11-04"",""HAD PREVIOUS INSURANCE WITH AAMI THOUGHT iD TRY AND SEE IF i STILL GOT A GOOD DEAL AND i DID"",""Hmac61"",""Oh and a competitive price too!"",""VERY EASY SITE TO USE"",""Been with AAMI for years now,never had a problem,awsome :)"",""Easy and quick to complete!"",""really easy to get a quote"",""co_hasreviews, tv_116, tr_4496"",""Easy to understand, simple interface and no issues with organising our 3rs insurance policy."",""great value for money .asking me to add an extra 27 characters means that I will only repeat what I have already said"",""very straightforward"",""Date published: 2019-11-07"",""y_2019, m_11, d_22, h_2"",""CLOUD, getContent, 308ms"",""BUBBA"",""4612"",""Date published: 2019-11-12"",""SammyF"",""STOCKO""],""added_content"":[""Bridge"",""co_hasreviews, tv_116, tr_4500"",""Date published: 2019-11-21"",""Great service and quick to do no problems at all very happy"",""Great and quick"",""Easy to do"",""Guys please check AAMI before sign up with other insurance..."",""I believe you will find more cheaper and more options... give it a go..."",""4616"",""y_2019, m_11, d_23, h_13"",""Anonymous"",""Date published: 2019-11-20"",""Date published: 2019-11-22"",""CLOUD, getContent, 294ms"",""James 1960"",""Easy and cheap"",""It was so quick and easy.. best of all so cheap"",""I am so happy."",""Pretty happy with outcome and I will recommend friends and neigjbours"",""Very simple click click even understandable...""],""content_changed"":true},{""url"":""https://www.aami.com.au/home-insurance.html"",""removed_content"":[""Date published: 2019-08-29"",""2"",""CLOUD, getContent, 358ms"",""co_hasreviews, tv_81, tr_1254"",""bvseo_bulk, prod_bvrr, vn_bulk_3.0.3-b1"",""y_2019, m_11, d_20, h_3"",""He said he could give me a better price, $1641, and would send it to my email to confirm."",""I went thru the process and got an online quote, then chatted with your representative online."",""online help was not so good."",""I paid $1676 today by mastercard."",""1335"",""Nothing was sent, I only got my original quote of 1676.82.""],""added_content"":[""While the process to take up your policy online was very easy, the fact is the new policy price was cheaper after all the discounts than the renewal price as an existing customer."",""CLOUD, getContent, 42ms"",""1336"",""co_hasreviews, tv_81, tr_1255"",""y_2019, m_11, d_23, h_13"",""bvseo_bulk, prod_bvrr, vn_bulk_3.0.3"",""NEW QUOTE WAS CHEAPER"",""Date published: 2019-11-20""],""content_changed"":true},{""url"":""https://www.aami.com.au/health-insurance.html"",""removed_content"":[],""added_content"":[],""content_changed"":false},{""url"":""https://www.aami.com.au/travel-insurance.html"",""removed_content"":[""Jkjeeper"",""Very easy to use."",""Date published: 2019-11-10"",""Kiki114"",""CLOUD, getContent, 366ms"",""Was finished in under five minutes and ready to go"",""697"",""Getting better a the time."",""Great"",""Seems AAMI are on a continuous improvement program, online services getting less and less clunky all the time."",""y_2019, m_11, d_22, h_2"",""co_hasreviews, tv_1, tr_696""],""added_content"":[""699"",""Date published: 2019-11-21"",""The doc"",""y_2019, m_11, d_23, h_13"",""Anonymous"",""Probably should of done a price comparison."",""Simple"",""Satisfied with the overall experience and short duration"",""CLOUD, getContent, 83ms"",""Easier and cheaper than expected"",""co_hasreviews, tv_1, tr_698"",""Click and go."",""Date published: 2019-11-19""],""content_changed"":true},{""url"":""https://www.aami.com.au/travel-insurance.html"",""removed_content"":[""Jkjeeper"",""Very easy to use."",""Date published: 2019-11-10"",""Kiki114"",""CLOUD, getContent, 366ms"",""Was finished in under five minutes and ready to go"",""697"",""Getting better a the time."",""Great"",""Seems AAMI are on a continuous improvement program, online services getting less and less clunky all the time."",""y_2019, m_11, d_22, h_2"",""co_hasreviews, tv_1, tr_696""],""added_content"":[""699"",""Date published: 2019-11-21"",""The doc"",""y_2019, m_11, d_23, h_13"",""Anonymous"",""Probably should of done a price comparison."",""Simple"",""Satisfied with the overall experience and short duration"",""CLOUD, getContent, 83ms"",""Easier and cheaper than expected"",""co_hasreviews, tv_1, tr_698"",""Click and go."",""Date published: 2019-11-19""],""content_changed"":true},{""url"":""https://www.aami.com.au/life-insurance.html"",""removed_content"":[],""added_content"":[],""content_changed"":false},{""url"":""https://www.aami.com.au/business-insurance.html"",""removed_content"":[],""added_content"":[],""content_changed"":false}]"
25/11/19,Apia,Change,"[{""url"":""https://www.apia.com.au"",""removed_content"":[],""added_content"":[],""content_changed"":false},{""url"":""https://www.apia.com.au/car-insurance.html"",""removed_content"":[""CLOUD, getContent, 319ms""],""added_content"":[""CLOUD, getContent, 39ms""],""content_changed"":true},{""url"":""https://www.apia.com.au/home-insurance.html"",""removed_content"":[],""added_content"":[],""content_changed"":false},{""url"":""https://www.apia.com.au/travel-insurance.html"",""removed_content"":[],""added_content"":[],""content_changed"":false}]"
25/11/19,Suncorp,Change,"[{""url"":""https://www.suncorp.com.au/insurance"",""removed_content"":[],""added_content"":[],""content_changed"":false},{""url"":""https://www.suncorp.com.au/insurance/home.html"",""removed_content"":[""CLOUD, getContent, 38ms""],""added_content"":[""CLOUD, getContent, 35ms""],""content_changed"":true},{""url"":""https://www.suncorp.com.au/insurance/car.html"",""removed_content"":[""CLOUD, getContent, 41ms""],""added_content"":[""CLOUD, getContent, 7ms""],""content_changed"":true},{""url"":""https://www.suncorp.com.au/insurance/life.html"",""removed_content"":[],""added_content"":[],""content_changed"":false},{""url"":""https://www.suncorp.com.au/insurance/health.html"",""removed_content"":[],""added_content"":[],""content_changed"":false},{""url"":""https://www.suncorp.com.au/insurance/travel.html"",""removed_content"":[],""added_content"":[],""content_changed"":false}]"
25/11/19,QBE,No Change,"[{""url"":""https://www.qbe.com/au"",""removed_content"":[],""added_content"":[],""content_changed"":false},{""url"":""https://www.qbe.com/au/motor-vehicle-insurance"",""removed_content"":[],""added_content"":[],""content_changed"":false},{""url"":""https://www.qbe.com/au/home-insurance"",""removed_content"":[],""added_content"":[],""content_changed"":false},{""url"":""https://www.qbe.com/au/business-insurance"",""removed_content"":[],""added_content"":[],""content_changed"":false}]"
24/11/19,Huddle,No Change,"[{""url"":""https://huddle.com.au"",""removed_content"":[],""added_content"":[],""content_changed"":false},{""url"":""https://huddle.com.au/car-insurance"",""removed_content"":[],""added_content"":[],""content_changed"":false},{""url"":""https://huddle.com.au/travel-insurance"",""removed_content"":[],""added_content"":[],""content_changed"":false},{""url"":""https://huddle.com.au/home-insurance"",""removed_content"":[],""added_content"":[],""content_changed"":false}]"
24/11/19,NRMA,No Change,"[{""url"":""https://www.nrma.com.au"",""removed_content"":[],""added_content"":[],""content_changed"":false},{""url"":""https://www.nrma.com.au/car-insurance"",""removed_content"":[],""added_content"":[],""content_changed"":false},{""url"":""https://www.nrma.com.au/travel-insurance"",""removed_content"":[],""added_content"":[],""content_changed"":false},{""url"":""https://www.nrma.com.au/home-insurance"",""removed_content"":[],""added_content"":[],""content_changed"":false}]"
24/11/19,Woolworths,No Change,"[{""url"":""https://insurance.woolworths.com.au"",""removed_content"":[],""added_content"":[],""content_changed"":false},{""url"":""https://insurance.woolworths.com.au/car-insurance.html"",""removed_content"":[],""added_content"":[],""content_changed"":false},{""url"":""https://insurance.woolworths.com.au/travel-insurance.html"",""removed_content"":[],""added_content"":[],""content_changed"":false},{""url"":""https://insurance.woolworths.com.au/home-insurance.html"",""removed_content"":[],""added_content"":[],""content_changed"":false}]"
24/11/19,Youi,No Change,"[{""url"":""https://www.youi.com.au"",""removed_content"":[],""added_content"":[],""content_changed"":false},{""url"":""https://www.youi.com.au/car-insurance"",""removed_content"":[],""added_content"":[],""content_changed"":false},{""url"":""https://www.youi.com.au/motorcycle-insurance"",""removed_content"":[],""added_content"":[],""content_changed"":false},{""url"":""https://www.youi.com.au/home-insurance"",""removed_content"":[],""added_content"":[],""content_changed"":false}]"
24/11/19,Budget Direct,No Change,"[{""url"":""https://www.budgetdirect.com.au"",""removed_content"":[],""added_content"":[],""content_changed"":false},{""url"":""https://www.budgetdirect.com.au/car-insurance.html"",""removed_content"":[],""added_content"":[],""content_changed"":false},{""url"":""https://www.budgetdirect.com.au/home-contents-insurance.html"",""removed_content"":[],""added_content"":[],""content_changed"":false},{""url"":""https://www.budgetdirect.com.au/travel-insurance.html"",""removed_content"":[],""added_content"":[],""content_changed"":false}]"
24/11/19,Bingle,No Change,"[{""url"":""https://www.bingle.com.au"",""removed_content"":[],""added_content"":[],""content_changed"":false}]"
24/11/19,Coles,No Change,"[{""url"":""https://financialservices.coles.com.au/insurance"",""removed_content"":[],""added_content"":[],""content_changed"":false},{""url"":""https://financialservices.coles.com.au/insurance/car-insurance"",""removed_content"":[],""added_content"":[],""content_changed"":false},{""url"":""https://financialservices.coles.com.au/insurance/home-insurance"",""removed_content"":[],""added_content"":[],""content_changed"":false},{""url"":""https://financialservices.coles.com.au/insurance/travel-insurance-existing-policyholders"",""removed_content"":[],""added_content"":[],""content_changed"":false}]"
24/11/19,Real Insurance,Change,"[{""url"":""https://www.realinsurance.com.au"",""removed_content"":[""3"",""4,459"",""Drive less."",""Save up to $220 with Pay As You Drive Car Insurance."",""Save big!""],""added_content"":[""1"",""Save up to 10% when you buy Real Car Insurance online"",""4,462""],""content_changed"":true},{""url"":""https://www.realinsurance.com.au/car-insurance"",""removed_content"":[""488""],""added_content"":[""570""],""content_changed"":true},{""url"":""https://www.realinsurance.com.au/home-insurance"",""removed_content"":[],""added_content"":[],""content_changed"":false},{""url"":""https://www.realinsurance.com.au/landlords-insurance"",""removed_content"":[],""added_content"":[],""content_changed"":false},{""url"":""https://www.realinsurance.com.au/life-insurance"",""removed_content"":[],""added_content"":[],""content_changed"":false},{""url"":""https://www.realinsurance.com.au/income-protection-insurance"",""removed_content"":[],""added_content"":[],""content_changed"":false},{""url"":""https://www.realinsurance.com.au/pet-insurance"",""removed_content"":[],""added_content"":[],""content_changed"":false},{""url"":""https://www.realinsurance.com.au/funeral-insurance"",""removed_content"":[""4.6"",""1,354""],""added_content"":[""1,393"",""4.8""],""content_changed"":true},{""url"":""https://www.realinsurance.com.au/travel-insurance"",""removed_content"":[],""added_content"":[],""content_changed"":false},{""url"":""https://www.realinsurance.com.au/bike-insurance"",""removed_content"":[],""added_content"":[],""content_changed"":false}]"
24/11/19,Virgin Money,No Change,"[{""url"":""https://virginmoney.com.au/insurance"",""removed_content"":[],""added_content"":[],""content_changed"":false},{""url"":""https://virginmoney.com.au/insurance/car-insurance"",""removed_content"":[],""added_content"":[],""content_changed"":false},{""url"":""https://virginmoney.com.au/insurance/income-protection"",""removed_content"":[],""added_content"":[],""content_changed"":false},{""url"":""https://virginmoney.com.au/insurance/life-insurance"",""removed_content"":[],""added_content"":[],""content_changed"":false},{""url"":""https://virginmoney.com.au/insurance/travel-insurance"",""removed_content"":[],""added_content"":[],""content_changed"":false}]"
24/11/19,AAMI,Change,"[{""url"":""https://www.aami.com.au"",""removed_content"":[],""added_content"":[],""content_changed"":false},{""url"":""https://www.aami.com.au/car-insurance.html"",""removed_content"":[""hofek"",""y_2019, m_11, d_20, h_3"",""Date published: 2019-10-30"",""Very easy to complete"",""Date published: 2019-10-29"",""CLOUD, getContent, 78ms"",""co_hasreviews, tv_116, tr_4494"",""Quick and affordable"",""Otherwise I would be happy as Larry."",""I would like some discount as I also have a home and contents insurance with AAMI."",""bvseo_bulk, prod_bvrr, vn_bulk_3.0.3-b1"",""Basil"",""4610"",""I’m very happy with online services and prices for new customers.""],""added_content"":[""Very Easy site to navigate"",""Easy to navigate"",""Was a quick and easy quote to do online and a great price that no one else came close to matching."",""Reed"",""4612"",""CLOUD, getContent, 308ms"",""y_2019, m_11, d_22, h_2"",""Glad I remembered to give AAMI a try."",""Date published: 2019-11-18"",""co_hasreviews, tv_116, tr_4496"",""bvseo_bulk, prod_bvrr, vn_bulk_3.0.3"",""Very happy with the short period of time it takes, no wasted time for a good price."",""argee65""],""content_changed"":true},{""url"":""https://www.aami.com.au/home-insurance.html"",""removed_content"":[""CLOUD, getContent, 266ms""],""added_content"":[""CLOUD, getContent, 358ms""],""content_changed"":true},{""url"":""https://www.aami.com.au/health-insurance.html"",""removed_content"":[],""added_content"":[],""content_changed"":false},{""url"":""https://www.aami.com.au/travel-insurance.html"",""removed_content"":[""CLOUD, getContent, 500ms"",""y_2019, m_11, d_20, h_3"",""co_hasreviews, tv_1, tr_695"",""696"",""Happy with service, but had to ring to check 7 day cruise in holiday covered (it is)."",""Lisa Canada"",""Had to check in PDS that camper hire excess is included under car hire (it is)."",""bvseo_bulk, prod_bvrr, vn_bulk_3.0.3-b1"",""Easy but had to ring to check detals"",""Date published: 2019-11-08""],""added_content"":[""697"",""CLOUD, getContent, 366ms"",""We are long time AAMI customers and have never had any issue claiming in the past which was the main factor in taking out AAMI travel insurance."",""Super easy to take out travel insurance , the price was very competitive."",""co_hasreviews, tv_1, tr_696"",""y_2019, m_11, d_22, h_2"",""Date published: 2019-11-18"",""bvseo_bulk, prod_bvrr, vn_bulk_3.0.3"",""CHEFF"",""Quick , easy and well priced""],""content_changed"":true},{""url"":""https://www.aami.com.au/travel-insurance.html"",""removed_content"":[""CLOUD, getContent, 500ms"",""y_2019, m_11, d_20, h_3"",""co_hasreviews, tv_1, tr_695"",""696"",""Happy with service, but had to ring to check 7 day cruise in holiday covered (it is)."",""Lisa Canada"",""Had to check in PDS that camper hire excess is included under car hire (it is)."",""bvseo_bulk, prod_bvrr, vn_bulk_3.0.3-b1"",""Easy but had to ring to check detals"",""Date published: 2019-11-08""],""added_content"":[""697"",""CLOUD, getContent, 366ms"",""We are long time AAMI customers and have never had any issue claiming in the past which was the main factor in taking out AAMI travel insurance."",""Super easy to take out travel insurance , the price was very competitive."",""co_hasreviews, tv_1, tr_696"",""y_2019, m_11, d_22, h_2"",""Date published: 2019-11-18"",""bvseo_bulk, prod_bvrr, vn_bulk_3.0.3"",""CHEFF"",""Quick , easy and well priced""],""content_changed"":true},{""url"":""https://www.aami.com.au/life-insurance.html"",""removed_content"":[],""added_content"":[],""content_changed"":false},{""url"":""https://www.aami.com.au/business-insurance.html"",""removed_content"":[],""added_content"":[],""content_changed"":false}]"
24/11/19,Apia,No Change,"[{""url"":""https://www.apia.com.au"",""removed_content"":[],""added_content"":[],""content_changed"":false},{""url"":""https://www.apia.com.au/car-insurance.html"",""removed_content"":[],""added_content"":[],""content_changed"":false},{""url"":""https://www.apia.com.au/home-insurance.html"",""removed_content"":[],""added_content"":[],""content_changed"":false},{""url"":""https://www.apia.com.au/travel-insurance.html"",""removed_content"":[],""added_content"":[],""content_changed"":false}]"
24/11/19,Suncorp,Change,"[{""url"":""https://www.suncorp.com.au/insurance"",""removed_content"":[],""added_content"":[],""content_changed"":false},{""url"":""https://www.suncorp.com.au/insurance/home.html"",""removed_content"":[""CLOUD, getContent, 35ms""],""added_content"":[""CLOUD, getContent, 38ms""],""content_changed"":true},{""url"":""https://www.suncorp.com.au/insurance/car.html"",""removed_content"":[],""added_content"":[],""content_changed"":false},{""url"":""https://www.suncorp.com.au/insurance/life.html"",""removed_content"":[],""added_content"":[],""content_changed"":false},{""url"":""https://www.suncorp.com.au/insurance/health.html"",""removed_content"":[],""added_content"":[],""content_changed"":false},{""url"":""https://www.suncorp.com.au/insurance/travel.html"",""removed_content"":[],""added_content"":[],""content_changed"":false}]"
24/11/19,QBE,No Change,"[{""url"":""https://www.qbe.com/au"",""removed_content"":[],""added_content"":[],""content_changed"":false},{""url"":""https://www.qbe.com/au/motor-vehicle-insurance"",""removed_content"":[],""added_content"":[],""content_changed"":false},{""url"":""https://www.qbe.com/au/home-insurance"",""removed_content"":[],""added_content"":[],""content_changed"":false},{""url"":""https://www.qbe.com/au/business-insurance"",""removed_content"":[],""added_content"":[],""content_changed"":false}]"
23/11/19,Huddle,No Change,"[{""url"":""https://huddle.com.au"",""removed_content"":[],""added_content"":[],""content_changed"":false},{""url"":""https://huddle.com.au/car-insurance"",""removed_content"":[],""added_content"":[],""content_changed"":false},{""url"":""https://huddle.com.au/travel-insurance"",""removed_content"":[],""added_content"":[],""content_changed"":false},{""url"":""https://huddle.com.au/home-insurance"",""removed_content"":[],""added_content"":[],""content_changed"":false}]"
23/11/19,NRMA,No Change,"[{""url"":""https://www.nrma.com.au"",""removed_content"":[],""added_content"":[],""content_changed"":false},{""url"":""https://www.nrma.com.au/car-insurance"",""removed_content"":[],""added_content"":[],""content_changed"":false},{""url"":""https://www.nrma.com.au/travel-insurance"",""removed_content"":[],""added_content"":[],""content_changed"":false},{""url"":""https://www.nrma.com.au/home-insurance"",""removed_content"":[],""added_content"":[],""content_changed"":false}]"
23/11/19,Woolworths,Change,"[{""url"":""https://insurance.woolworths.com.au"",""removed_content"":[],""added_content"":[],""content_changed"":false},{""url"":""https://insurance.woolworths.com.au/car-insurance.html"",""removed_content"":[""Backed by Hollard, Awarded ANZIFF's Large General Insurance Company of the Year 2019""],""added_content"":[""Backed by Hollard, Awarded ANZIIF's Large General Insurance Company of the Year 2019""],""content_changed"":true},{""url"":""https://insurance.woolworths.com.au/travel-insurance.html"",""removed_content"":[],""added_content"":[],""content_changed"":false},{""url"":""https://insurance.woolworths.com.au/home-insurance.html"",""removed_content"":[""Backed by Hollard, Awarded ANZIFF's Large General Insurance Company of the Year 2019""],""added_content"":[""Backed by Hollard, Awarded ANZIIF's Large General Insurance Company of the Year 2019""],""content_changed"":true}]"
23/11/19,Youi,No Change,"[{""url"":""https://www.youi.com.au"",""removed_content"":[],""added_content"":[],""content_changed"":false},{""url"":""https://www.youi.com.au/car-insurance"",""removed_content"":[],""added_content"":[],""content_changed"":false},{""url"":""https://www.youi.com.au/motorcycle-insurance"",""removed_content"":[],""added_content"":[],""content_changed"":false},{""url"":""https://www.youi.com.au/home-insurance"",""removed_content"":[],""added_content"":[],""content_changed"":false}]"
23/11/19,Budget Direct,No Change,"[{""url"":""https://www.budgetdirect.com.au"",""removed_content"":[],""added_content"":[],""content_changed"":false},{""url"":""https://www.budgetdirect.com.au/car-insurance.html"",""removed_content"":[],""added_content"":[],""content_changed"":false},{""url"":""https://www.budgetdirect.com.au/home-contents-insurance.html"",""removed_content"":[],""added_content"":[],""content_changed"":false},{""url"":""https://www.budgetdirect.com.au/travel-insurance.html"",""removed_content"":[],""added_content"":[],""content_changed"":false}]"
23/11/19,Bingle,No Change,"[{""url"":""https://www.bingle.com.au"",""removed_content"":[],""added_content"":[],""content_changed"":false}]"
23/11/19,Coles,Change,"[{""url"":""https://financialservices.coles.com.au/insurance"",""removed_content"":[],""added_content"":[""If you have been impacted by recent weather events and need to make a claim"",""Severe bushfire warnings have been issued for NSW and QLD."",""000"",""1300 265 374"",""or call us on"",""Stay safe and for immediate assistance call"",""click here""],""content_changed"":true},{""url"":""https://financialservices.coles.com.au/insurance/car-insurance"",""removed_content"":[],""added_content"":[""If you have been impacted by recent weather events and need to make a claim"",""Severe bushfire warnings have been issued for NSW and QLD."",""000"",""1300 265 374"",""or call us on"",""Stay safe and for immediate assistance call"",""click here""],""content_changed"":true},{""url"":""https://financialservices.coles.com.au/insurance/home-insurance"",""removed_content"":[],""added_content"":[""If you have been impacted by recent weather events and need to make a claim"",""Severe bushfire warnings have been issued for NSW and QLD."",""000"",""1300 265 374"",""or call us on"",""Stay safe and for immediate assistance call"",""click here""],""content_changed"":true},{""url"":""https://financialservices.coles.com.au/insurance/travel-insurance-existing-policyholders"",""removed_content"":[],""added_content"":[],""content_changed"":false}]"
23/11/19,Real Insurance,Change,"[{""url"":""https://www.realinsurance.com.au"",""removed_content"":[],""added_content"":[],""content_changed"":false},{""url"":""https://www.realinsurance.com.au/car-insurance"",""removed_content"":[""Telephone service is excellent and very efficient action after hail damage early in 2019"",""Be polite and show respect"",""Janet Oldenburg -  Rated 5 out of 5"",""I would recommend them to other people."",""Efficient and helpful responses"",""they were clear and concise in explaining the policy""],""added_content"":[""Adam Inthaphruk -  Rated 5 out of 5"",""Helpful easy to understand quote"",""Raghavan Ramakrishnan -  Rated 5 out of 5"",""great job!"",""Excellent service and very professional."",""Their website and quote panel is easy to understand and makes it easy to have the details one needs, i will recommend real to every one"",""michelle was so helpful and clear with all of my enquiry."",""Good service""],""content_changed"":true},{""url"":""https://www.realinsurance.com.au/home-insurance"",""removed_content"":[],""added_content"":[],""content_changed"":false},{""url"":""https://www.realinsurance.com.au/landlords-insurance"",""removed_content"":[],""added_content"":[],""content_changed"":false},{""url"":""https://www.realinsurance.com.au/life-insurance"",""removed_content"":[],""added_content"":[],""content_changed"":false},{""url"":""https://www.realinsurance.com.au/income-protection-insurance"",""removed_content"":[],""added_content"":[],""content_changed"":false},{""url"":""https://www.realinsurance.com.au/pet-insurance"",""removed_content"":[],""added_content"":[],""content_changed"":false},{""url"":""https://www.realinsurance.com.au/funeral-insurance"",""removed_content"":[],""added_content"":[],""content_changed"":false},{""url"":""https://www.realinsurance.com.au/travel-insurance"",""removed_content"":[],""added_content"":[],""content_changed"":false},{""url"":""https://www.realinsurance.com.au/bike-insurance"",""removed_content"":[],""added_content"":[],""content_changed"":false}]"
23/11/19,Virgin Money,No Change,"[{""url"":""https://virginmoney.com.au/insurance"",""removed_content"":[],""added_content"":[],""content_changed"":false},{""url"":""https://virginmoney.com.au/insurance/car-insurance"",""removed_content"":[],""added_content"":[],""content_changed"":false},{""url"":""https://virginmoney.com.au/insurance/income-protection"",""removed_content"":[],""added_content"":[],""content_changed"":false},{""url"":""https://virginmoney.com.au/insurance/life-insurance"",""removed_content"":[],""added_content"":[],""content_changed"":false},{""url"":""https://virginmoney.com.au/insurance/travel-insurance"",""removed_content"":[],""added_content"":[],""content_changed"":false}]"
23/11/19,AAMI,Change,"[{""url"":""https://www.aami.com.au"",""removed_content"":[],""added_content"":[],""content_changed"":false},{""url"":""https://www.aami.com.au/car-insurance.html"",""removed_content"":[""CLOUD, getContent, 258ms""],""added_content"":[""CLOUD, getContent, 78ms""],""content_changed"":true},{""url"":""https://www.aami.com.au/home-insurance.html"",""removed_content"":[""y_2019, m_11, d_19, h_1"",""bvseo_bulk, prod_bvrr, vn_bulk_3.0.2"",""CLOUD, getContent, 124ms""],""added_content"":[""bvseo_bulk, prod_bvrr, vn_bulk_3.0.3-b1"",""CLOUD, getContent, 266ms"",""y_2019, m_11, d_20, h_3""],""content_changed"":true},{""url"":""https://www.aami.com.au/health-insurance.html"",""removed_content"":[],""added_content"":[],""content_changed"":false},{""url"":""https://www.aami.com.au/travel-insurance.html"",""removed_content"":[""CLOUD, getContent, 351ms""],""added_content"":[""CLOUD, getContent, 500ms""],""content_changed"":true},{""url"":""https://www.aami.com.au/travel-insurance.html"",""removed_content"":[""CLOUD, getContent, 351ms""],""added_content"":[""CLOUD, getContent, 500ms""],""content_changed"":true},{""url"":""https://www.aami.com.au/life-insurance.html"",""removed_content"":[],""added_content"":[],""content_changed"":false},{""url"":""https://www.aami.com.au/business-insurance.html"",""removed_content"":[],""added_content"":[],""content_changed"":false}]"
23/11/19,Apia,Change,"[{""url"":""https://www.apia.com.au"",""removed_content"":[],""added_content"":[],""content_changed"":false},{""url"":""https://www.apia.com.au/car-insurance.html"",""removed_content"":[],""added_content"":[],""content_changed"":false},{""url"":""https://www.apia.com.au/home-insurance.html"",""removed_content"":[""CLOUD, getContent, 273ms""],""added_content"":[""CLOUD, getContent, 10ms""],""content_changed"":true},{""url"":""https://www.apia.com.au/travel-insurance.html"",""removed_content"":[],""added_content"":[],""content_changed"":false}]"
23/11/19,Suncorp,Change,"[{""url"":""https://www.suncorp.com.au/insurance"",""removed_content"":[],""added_content"":[],""content_changed"":false},{""url"":""https://www.suncorp.com.au/insurance/home.html"",""removed_content"":[""CLOUD, getContent, 38ms""],""added_content"":[""CLOUD, getContent, 35ms""],""content_changed"":true},{""url"":""https://www.suncorp.com.au/insurance/car.html"",""removed_content"":[],""added_content"":[],""content_changed"":false},{""url"":""https://www.suncorp.com.au/insurance/life.html"",""removed_content"":[],""added_content"":[],""content_changed"":false},{""url"":""https://www.suncorp.com.au/insurance/health.html"",""removed_content"":[],""added_content"":[],""content_changed"":false},{""url"":""https://www.suncorp.com.au/insurance/travel.html"",""removed_content"":[],""added_content"":[],""content_changed"":false}]"
23/11/19,QBE,No Change,"[{""url"":""https://www.qbe.com/au"",""removed_content"":[],""added_content"":[],""content_changed"":false},{""url"":""https://www.qbe.com/au/motor-vehicle-insurance"",""removed_content"":[],""added_content"":[],""content_changed"":false},{""url"":""https://www.qbe.com/au/home-insurance"",""removed_content"":[],""added_content"":[],""content_changed"":false},{""url"":""https://www.qbe.com/au/business-insurance"",""removed_content"":[],""added_content"":[],""content_changed"":false}]"
